/* **********************************************************
* Script to create a sample database for TRUCK 
* Revised on: 2 Nov 2013, Sionggo
************************************************************/
-- Drop all existing tables for the sample database TRUCK
DROP TABLE
	TRIPLEG CASCADE CONSTRAINTS;
DROP TABLE
	MAINTENANCE CASCADE CONSTRAINTS;
DROP TABLE
	TRIP CASCADE CONSTRAINTS;
DROP TABLE
	DRIVER CASCADE CONSTRAINTS;
DROP TABLE
	MECHANIC CASCADE CONSTRAINTS;
DROP TABLE
	TRUCK CASCADE CONSTRAINTS;
DROP TABLE
	EMPLOYEE CASCADE CONSTRAINTS;

-- Create a relational table EMPLOYEE and insert sample records
CREATE TABLE EMPLOYEE(
        E#              VARCHAR2(12)    NOT NULL,
        NAME            VARCHAR2(50)    NOT NULL,
        DOB             DATE                    ,
        ADDRESS         VARCHAR2(300)   NOT NULL,
        HIREDATE        DATE            NOT NULL,
        SALARY          NUMBER(9,2),
        CONSTRAINT EMPLOYEE_PKEY PRIMARY KEY(E#)
);

-- Insert sample records
INSERT INTO EMPLOYEE 
	VALUES( '00001', 'John Smith', NULL, '42 Victoria St. Hurstville, NSW 2456', sysdate-(1*365), 2000);
INSERT INTO EMPLOYEE 
	VALUES( '00002', 'Peter Taylor', TO_DATE('12-JAN-1960','DD-MON-YYYY'), '42 Victoria St. Hurstville, NSW 2456', sysdate-(2*365), 1500);
INSERT INTO EMPLOYEE 
	VALUES( '00003', 'John Doe', TO_DATE('23-MAR-1956','DD-MON-YYYY'), '12 Station St. Dapto, NSW 2530', sysdate-(1.1*365), 2000);
INSERT INTO EMPLOYEE 
	VALUES( '00004', 'John Gray', TO_DATE('05-MAY-1978','DD-MON-YYYY'), '16 Station St. Dapto, NSW 2530',sysdate-(1.1*365), 3000);
INSERT INTO EMPLOYEE 
	VALUES( '00005', 'Adam Taylor', TO_DATE('01-JAN-1970','DD-MON-YYYY'), '42 Church St. City, NSW 2300', SYSDATE - 115, 3500 );
INSERT INTO EMPLOYEE 
	VALUES( '00006', 'Michael Jones', TO_DATE('05-OCT-1965','DD-MON-YYYY'), '23 Waterloo Ave. Surry Hills, NSW 2502', SYSDATE - 128, 3600 );
INSERT INTO EMPLOYEE 
	VALUES( '00007', 'Frederic Jones', TO_DATE('28-FEB-1973','DD-MON-YYYY'), '23 Victoria St. Redfern, NSW 2420', SYSDATE - 218, 2800 );
INSERT INTO EMPLOYEE 
	VALUES( '00008', 'Peter O''Brien', TO_DATE('28-FEB-1973','DD-MON-YYYY'), '19 Lucas Dr. Horsley, NSW 2530', SYSDATE - 100, 3500 );
INSERT INTO EMPLOYEE 
	VALUES( '00009', 'John Lucas', TO_DATE('16-DEC-1956','DD-MON-YYYY'), '20 Huxley St. Horsley, NSW 2530', SYSDATE - 215, 2800 );
INSERT INTO EMPLOYEE 
	VALUES( '00010', 'John Fox', TO_DATE('25-OCT-1965','DD-MON-YYYY'), '18 Victoria St. Hurstville, NSW 2456', SYSDATE - 380, 2000 );
INSERT INTO EMPLOYEE 
	VALUES( '00011', 'Adam Fox', TO_DATE('04-MAY-1970','DD-MON-YYYY'), '45 Victoria St. Hurstville, NSW 2456', SYSDATE - 315, 2100 );
INSERT INTO EMPLOYEE 
	VALUES( '00012', 'Phillip Cox', TO_DATE('12-DEC-1974','DD-MON-YYYY'), '5 The Avenue, Rockdale, NSW 2300', SYSDATE - (3*365) , 4500);
INSERT INTO EMPLOYEE 
	VALUES( '00013', 'Andrew K. Smith', TO_DATE('04-APR-1959','DD-MON-YYYY'), '42 Bambaramba Ave. Pennant Hills, NSW 2556', SYSDATE - 415, 3000 );
INSERT INTO EMPLOYEE 
	VALUES( '00014', 'Andrew R. Smith', TO_DATE('01-APR-1983','DD-MON-YYYY'), '67 King Cr. Hurstville, NSW 2456', SYSDATE - 519, 3200  );
INSERT INTO EMPLOYEE 
	VALUES( '00015', 'Michael Potter', TO_DATE('01-APR-1985','DD-MON-YYYY'), '568 Bong Bong St. Horsley, NSW 2530', SYSDATE - 328, 2600 );

-- Create a relational table DRIVER and insert sample records
CREATE TABLE DRIVER(
        E# 	VARCHAR2(12)      NOT NULL,
        L# 	VARCHAR2(15)       NOT NULL,
        STATUS 	VARCHAR2(25)     NOT NULL,
        CONSTRAINT DRIVER_PKEY PRIMARY KEY(E#),
        CONSTRAINT DRIVER_UNIQUE UNIQUE(L#),
        CONSTRAINT DRIVER_FKEY FOREIGN KEY(E#) REFERENCES EMPLOYEE(E#),
        CONSTRAINT DRIVER_STATUS CHECK ( STATUS IN 
                        ('AVAILABLE', 'BUSY', 'ON LEAVE')) 
);

-- Insert sample records
INSERT INTO DRIVER 
	VALUES( '00001', '10001', 'AVAILABLE' );
INSERT INTO DRIVER 
	VALUES( '00003', '10002', 'AVAILABLE' );
INSERT INTO DRIVER 
	VALUES( '00005', '10003', 'ON LEAVE' );
INSERT INTO DRIVER 
	VALUES( '00007', '20002', 'BUSY' );
INSERT INTO DRIVER 
	VALUES( '00009', '30005', 'BUSY' );
INSERT INTO DRIVER 
	VALUES( '00011', '20005', 'ON LEAVE' );
INSERT INTO DRIVER 
	VALUES( '00013', '10008', 'ON LEAVE' );

-- Create a relational table MECHANIC and insert sample records
CREATE TABLE MECHANIC(
        E#              VARCHAR2(12)      NOT NULL,
        L#              VARCHAR2(15)       NOT NULL,
        STATUS          VARCHAR(25)     NOT NULL,
        EXPERIENCE      VARCHAR(25)     NOT NULL,
        CONSTRAINT MECHANIC_PKEY PRIMARY KEY(E#),
        CONSTRAINT MECHANIC_UNIQUE UNIQUE(L#),
        CONSTRAINT MECHANIC_FKEY FOREIGN KEY(E#) REFERENCES EMPLOYEE(E#),
        CONSTRAINT MECHANIC_STATUS CHECK ( STATUS IN 
                        ('AVAILABLE', 'BUSY', 'ON_LEAVE')),     
        CONSTRAINT MECHANIC_EXPERIENCE CHECK ( EXPERIENCE IN 
                        ('BEGINNER', 'STANDARD', 'EXPERT')) 
);  

INSERT INTO MECHANIC 
	VALUES( '00002', '10345', 'AVAILABLE', 'EXPERT' );
INSERT INTO MECHANIC 
	VALUES( '00004', '10452', 'AVAILABLE', 'STANDARD' );
INSERT INTO MECHANIC 
	VALUES( '00006', '07773', 'ON_LEAVE', 'STANDARD' );
INSERT INTO MECHANIC 
	VALUES( '00008', '23302', 'BUSY', 'BEGINNER' );
INSERT INTO MECHANIC 
	VALUES( '00010', '22205', 'BUSY', 'EXPERT' );
INSERT INTO MECHANIC 
	VALUES( '00012', '10005', 'AVAILABLE', 'BEGINNER' );
INSERT INTO MECHANIC 
	VALUES( '00014', '10000', 'AVAILABLE', 'BEGINNER' );

-- Create a relational table TRUCK and insert sample records
CREATE TABLE TRUCK(
        REG#            VARCHAR(10)     NOT NULL,
        CAPACITY        NUMBER(7)       NOT NULL,
        WEIGHT          NUMBER(5)       NOT NULL,
        STATUS          VARCHAR(25)     NOT NULL,
        CONSTRAINT TRUCK_PKEY PRIMARY KEY(REG#),
        CONSTRAINT TRUCK_STATUS CHECK ( STATUS IN 
                        ('AVAILABLE', 'USED', 'MAINTENANCE')) 
);

INSERT INTO TRUCK 
	VALUES( 'PKR768', 1234, 3000, 'AVAILABLE' );
INSERT INTO TRUCK 
	VALUES( 'SST005', 12000, 50000, 'USED' );
INSERT INTO TRUCK 
	VALUES( 'QRT834', 5550, 400, 'USED' );
INSERT INTO TRUCK 
	VALUES( 'LUCY01', 100, 300, 'AVAILABLE' );
INSERT INTO TRUCK 
	VALUES( 'KKK007', '10000', 3000, 'MAINTENANCE' );
INSERT INTO TRUCK 
	VALUES( 'SYF777', 3333, 4566, 'MAINTENANCE' );
INSERT INTO TRUCK 
	VALUES( 'PKR008', 22000, 8800, 'AVAILABLE' );
INSERT INTO TRUCK 
	VALUES( 'XCF003', 30000, '10000', 'AVAILABLE' );
INSERT INTO TRUCK 
	VALUES( 'GFT008', 40000, 15000, 'AVAILABLE' );
INSERT INTO TRUCK 
	VALUES( 'LUCY02', 43000, 3000, 'AVAILABLE' );

-- Create a relational table TRIP and insert sample records
CREATE TABLE TRIP(
        T#              NUMBER(10)      NOT NULL,
        L#              VARCHAR2(15)    NOT NULL,
        REG#            VARCHAR(10)     NOT NULL,
        TRIPDATE        DATE            NOT NULL,
        CONSTRAINT TRIP_PKEY PRIMARY KEY (T#),
        CONSTRAINT TRIP_FKEY1 FOREIGN KEY (L#) REFERENCES DRIVER(L#),
        CONSTRAINT TRIP_FKEY2 FOREIGN KEY (REG#) REFERENCES TRUCK(REG#)
);

INSERT INTO TRIP VALUES( 1, '10001', 'PKR768', SYSDATE - 200 );
INSERT INTO TRIP VALUES( 2, '10002', 'SYF777', SYSDATE - 200 );
INSERT INTO TRIP VALUES( 3, '10001', 'KKK007', SYSDATE - 193 );
INSERT INTO TRIP VALUES( 4, '10003', 'PKR768', SYSDATE - 200 );
INSERT INTO TRIP VALUES( 5, '20002', 'PKR768', SYSDATE - 200 );
INSERT INTO TRIP VALUES( 6, '30005', 'SYF777', SYSDATE - 200 );
INSERT INTO TRIP VALUES( 7, '20005', 'KKK007', SYSDATE - 186 );
INSERT INTO TRIP VALUES( 8, '10001', 'PKR768', SYSDATE - 186 );
INSERT INTO TRIP VALUES( 9, '10002', 'QRT834', SYSDATE - 186 );
INSERT INTO TRIP VALUES(10, '30005', 'KKK007', SYSDATE - 185 );
INSERT INTO TRIP VALUES(11, '10003', 'SST005', SYSDATE - 185 );
INSERT INTO TRIP VALUES(12, '10002', 'PKR768', SYSDATE - 180 );
INSERT INTO TRIP VALUES(13, '20002', 'QRT834', SYSDATE - 183 );
INSERT INTO TRIP VALUES(14, '20002', 'PKR008', SYSDATE - 176 );
INSERT INTO TRIP VALUES(15, '20005', 'PKR768', SYSDATE - 182 );
INSERT INTO TRIP VALUES(16, '30005', 'SST005', SYSDATE - 180 );
INSERT INTO TRIP VALUES(17, '30005', 'QRT834', SYSDATE - 173 );
INSERT INTO TRIP VALUES(18, '10001', 'KKK007', SYSDATE - 180 );
INSERT INTO TRIP VALUES(19, '20005', 'SST005', SYSDATE - 177 );
INSERT INTO TRIP VALUES(20, '10003', 'PKR768', SYSDATE - 177 );
INSERT INTO TRIP VALUES(21, '10001', 'QRT834', SYSDATE - 175 );
INSERT INTO TRIP VALUES(22, '20005', 'PKR008', SYSDATE - 168 );
INSERT INTO TRIP VALUES(23, '10003', 'PKR768', SYSDATE - 167 );
INSERT INTO TRIP VALUES(24, '20002', 'SST005', SYSDATE - 167 );
INSERT INTO TRIP VALUES(25, '10001', 'PKR768', SYSDATE - 167 );
INSERT INTO TRIP VALUES(26, '10001', 'SYF777', SYSDATE - 160 );
INSERT INTO TRIP VALUES(27, '20002', 'KKK007', SYSDATE - 160 );
INSERT INTO TRIP VALUES(28, '30005', 'PKR768', SYSDATE - 160 );
INSERT INTO TRIP VALUES(29, '10001', 'QRT834', SYSDATE - 160 );
INSERT INTO TRIP VALUES(30, '10002', 'KKK007', SYSDATE - 160 );
INSERT INTO TRIP VALUES(31, '10003', 'SST005', SYSDATE - 160 );
INSERT INTO TRIP VALUES(32, '20002', 'PKR768', SYSDATE - 155 );
INSERT INTO TRIP VALUES(33, '30005', 'QRT834', SYSDATE - 155 );
INSERT INTO TRIP VALUES(34, '20005', 'PKR008', SYSDATE - 155 );
INSERT INTO TRIP VALUES(35, '10001', 'PKR768', SYSDATE - 155 );
INSERT INTO TRIP VALUES(36, '10003', 'SST005', SYSDATE - 155 );
INSERT INTO TRIP VALUES(37, '10001', 'PKR768', SYSDATE - 146 );
INSERT INTO TRIP VALUES(38, '10002', 'SYF777', SYSDATE - 146 );
INSERT INTO TRIP VALUES(39, '10001', 'KKK007', SYSDATE - 140 );
INSERT INTO TRIP VALUES(40, '10003', 'PKR768', SYSDATE - 140 );
INSERT INTO TRIP VALUES(41, '20002', 'PKR768', SYSDATE - 140 );
INSERT INTO TRIP VALUES(42, '30005', 'SYF777', SYSDATE - 140 );
INSERT INTO TRIP VALUES(43, '20005', 'KKK007', SYSDATE - 140 );
INSERT INTO TRIP VALUES(44, '10001', 'PKR768', SYSDATE - 140 );
INSERT INTO TRIP VALUES(45, '10002', 'QRT834', SYSDATE - 140 );
INSERT INTO TRIP VALUES(46, '30005', 'KKK007', SYSDATE - 134 );
INSERT INTO TRIP VALUES(47, '10003', 'SST005', SYSDATE - 134 );
INSERT INTO TRIP VALUES(48, '10002', 'PKR768', SYSDATE - 134 );
INSERT INTO TRIP VALUES(49, '20002', 'QRT834', SYSDATE - 134 );
INSERT INTO TRIP VALUES(50, '20002', 'PKR008', SYSDATE - 127 );
INSERT INTO TRIP VALUES(51, '20005', 'PKR768', SYSDATE - 127 );
INSERT INTO TRIP VALUES(52, '30005', 'SST005', SYSDATE - 127 );
INSERT INTO TRIP VALUES(53, '30005', 'QRT834', SYSDATE - 120 );
INSERT INTO TRIP VALUES(54, '10001', 'KKK007', SYSDATE - 120 );
INSERT INTO TRIP VALUES(55, '20005', 'SST005', SYSDATE - 120 );
INSERT INTO TRIP VALUES(56, '10003', 'PKR768', SYSDATE - 120 );
INSERT INTO TRIP VALUES(57, '10001', 'QRT834', SYSDATE - 110 );
INSERT INTO TRIP VALUES(58, '20005', 'PKR008', SYSDATE - 110 );
INSERT INTO TRIP VALUES(59, '10003', 'PKR768', SYSDATE - 110 );
INSERT INTO TRIP VALUES(60, '20002', 'SST005', SYSDATE - 110 );
INSERT INTO TRIP VALUES(61, '10001', 'PKR768', SYSDATE - 115 );
INSERT INTO TRIP VALUES(62, '10001', 'SYF777', SYSDATE - 109 );
INSERT INTO TRIP VALUES(63, '20002', 'KKK007', SYSDATE - 109 );
INSERT INTO TRIP VALUES(64, '30005', 'PKR768', SYSDATE - 109 );
INSERT INTO TRIP VALUES(65, '10001', 'QRT834', SYSDATE - 109 );
INSERT INTO TRIP VALUES(66, '10002', 'KKK007', SYSDATE - 109 );
INSERT INTO TRIP VALUES(67, '10003', 'SST005', SYSDATE - 109 );
INSERT INTO TRIP VALUES(68, '20002', 'PKR768', SYSDATE - 102);
INSERT INTO TRIP VALUES(69, '30005', 'QRT834', SYSDATE - 102);
INSERT INTO TRIP VALUES(70, '20005', 'PKR008', SYSDATE - 102);
INSERT INTO TRIP VALUES(71, '10001', 'PKR768', SYSDATE - 102);
INSERT INTO TRIP VALUES(72, '10003', 'SST005', SYSDATE - 102);
INSERT INTO TRIP VALUES(73, '10001', 'PKR768', SYSDATE - 97);
INSERT INTO TRIP VALUES(74, '10002', 'SYF777', SYSDATE - 97);
INSERT INTO TRIP VALUES(75, '10001', 'KKK007', SYSDATE - 92);
INSERT INTO TRIP VALUES(76, '10003', 'PKR768', SYSDATE - 92);
INSERT INTO TRIP VALUES(77, '20002', 'PKR768', SYSDATE - 92);
INSERT INTO TRIP VALUES(78, '30005', 'SYF777', SYSDATE - 92);
INSERT INTO TRIP VALUES(79, '20005', 'KKK007', SYSDATE - 91);
INSERT INTO TRIP VALUES(80, '10001', 'PKR768', SYSDATE - 87);
INSERT INTO TRIP VALUES(81, '10002', 'QRT834', SYSDATE - 87);
INSERT INTO TRIP VALUES(82, '30005', 'KKK007', SYSDATE - 87);
INSERT INTO TRIP VALUES(83, '10003', 'SST005', SYSDATE - 85);
INSERT INTO TRIP VALUES(84, '10002', 'PKR768', SYSDATE - 82);
INSERT INTO TRIP VALUES(85, '20002', 'QRT834', SYSDATE - 82);
INSERT INTO TRIP VALUES(86, '20002', 'PKR008', SYSDATE - 77);
INSERT INTO TRIP VALUES(87, '20005', 'PKR768', SYSDATE - 77);
INSERT INTO TRIP VALUES(88, '30005', 'SST005', SYSDATE - 77);
INSERT INTO TRIP VALUES(89, '30005', 'QRT834', SYSDATE - 72);
INSERT INTO TRIP VALUES(90, '10001', 'KKK007', SYSDATE - 72);
INSERT INTO TRIP VALUES(91, '20005', 'SST005', SYSDATE - 72);
INSERT INTO TRIP VALUES(92, '10003', 'PKR768', SYSDATE - 72);
INSERT INTO TRIP VALUES(93, '10001', 'QRT834', SYSDATE - 67);
INSERT INTO TRIP VALUES(94, '20005', 'PKR008', SYSDATE - 67);
INSERT INTO TRIP VALUES(95, '10003', 'PKR768', SYSDATE - 67);
INSERT INTO TRIP VALUES(96, '20002', 'SST005', SYSDATE - 67);
INSERT INTO TRIP VALUES(97, '10001', 'PKR768', SYSDATE - 60);
INSERT INTO TRIP VALUES(98, '10001', 'SYF777', SYSDATE - 55);
INSERT INTO TRIP VALUES(99, '20002', 'KKK007', SYSDATE - 55);
INSERT INTO TRIP VALUES(100, '30005', 'PKR768', SYSDATE - 55);
INSERT INTO TRIP VALUES(101, '10001', 'QRT834', SYSDATE - 50);
INSERT INTO TRIP VALUES(102, '10002', 'KKK007', SYSDATE - 50);
INSERT INTO TRIP VALUES(103, '10003', 'SST005', SYSDATE - 47);
INSERT INTO TRIP VALUES(104, '20002', 'PKR768', SYSDATE - 47);
INSERT INTO TRIP VALUES(105, '30005', 'QRT834', SYSDATE - 47);
INSERT INTO TRIP VALUES(106, '20005', 'PKR008', SYSDATE - 45);
INSERT INTO TRIP VALUES(107, '10001', 'PKR768', SYSDATE - 45);
INSERT INTO TRIP VALUES(108, '10003', 'SST005', SYSDATE - 40);
INSERT INTO TRIP VALUES(109, '20005', 'KKK007', SYSDATE - 40);
INSERT INTO TRIP VALUES(110, '10001', 'PKR768', SYSDATE - 35);
INSERT INTO TRIP VALUES(111, '10002', 'QRT834', SYSDATE - 35);
INSERT INTO TRIP VALUES(112, '30005', 'KKK007', SYSDATE - 35);
INSERT INTO TRIP VALUES(113, '10003', 'SST005', SYSDATE - 30);
INSERT INTO TRIP VALUES(114, '10002', 'PKR768', SYSDATE - 30);
INSERT INTO TRIP VALUES(115, '20002', 'QRT834', SYSDATE - 30);
INSERT INTO TRIP VALUES(116, '20002', 'PKR008', SYSDATE - 25);
INSERT INTO TRIP VALUES(117, '20005', 'PKR768', SYSDATE - 25);
INSERT INTO TRIP VALUES(118, '30005', 'SST005', SYSDATE - 25);
INSERT INTO TRIP VALUES(119, '30005', 'QRT834', SYSDATE - 20);
INSERT INTO TRIP VALUES(120, '10001', 'KKK007', SYSDATE - 20);
INSERT INTO TRIP VALUES(121, '20005', 'SST005', SYSDATE - 20);
INSERT INTO TRIP VALUES(122, '10003', 'PKR768', SYSDATE - 20);
INSERT INTO TRIP VALUES(123, '10001', 'QRT834', SYSDATE - 17);
INSERT INTO TRIP VALUES(124, '20005', 'PKR008', SYSDATE - 14);
INSERT INTO TRIP VALUES(125, '10003', 'PKR768', SYSDATE - 17);
INSERT INTO TRIP VALUES(126, '20002', 'SST005', SYSDATE - 17);
INSERT INTO TRIP VALUES(127, '10001', 'PKR768', SYSDATE - 12);
INSERT INTO TRIP VALUES(128, '10001', 'SYF777', SYSDATE - 7);
INSERT INTO TRIP VALUES(129, '20002', 'KKK007', SYSDATE - 12);
INSERT INTO TRIP VALUES(130, '10002', 'SYF777', SYSDATE - 12);
INSERT INTO TRIP VALUES(131, '10001', 'KKK007', SYSDATE - 2);
INSERT INTO TRIP VALUES(132, '10003', 'PKR768', SYSDATE - 10);
INSERT INTO TRIP VALUES(133, '20002', 'PKR768', SYSDATE - 7);
INSERT INTO TRIP VALUES(134, '30005', 'SYF777', SYSDATE - 15);
INSERT INTO TRIP VALUES(135, '20005', 'KKK007', SYSDATE - 7);
INSERT INTO TRIP VALUES(136, '10002', 'QRT834', SYSDATE - 5 );
INSERT INTO TRIP VALUES(137, '20002', 'KKK007', SYSDATE );
INSERT INTO TRIP VALUES(138, '10003', 'PKR768', SYSDATE - 5 );
INSERT INTO TRIP VALUES(139, '20005', 'QRT834', SYSDATE );
INSERT INTO TRIP VALUES(140, '10002', 'PKR768', SYSDATE );

-- Create a relational table TRIPLEG and insert sample records
CREATE TABLE TRIPLEG(
        T#              NUMBER(10)      NOT NULL,
        LEG#            NUMBER(2)       NOT NULL,
        DEPARTURE       VARCHAR(30)     NOT NULL,
        DESTINATION     VARCHAR(30)     NOT NULL,
        CONSTRAINT TRIPLEG_PKEY PRIMARY KEY (T#, LEG#),
        CONSTRAINT TRIPLEG_UNIQUE UNIQUE(T#, DEPARTURE, DESTINATION),
        CONSTRAINT TRIPLEG_FKEY1 FOREIGN KEY (T#) REFERENCES TRIP(T#) );

INSERT INTO TRIPLEG VALUES( 1, 1, 'Sydney', 'Melbourne');
INSERT INTO TRIPLEG VALUES( 1, 2, 'Melbourne', 'Adelaide');
INSERT INTO TRIPLEG VALUES( 1, 3, 'Adelaide', 'Sydney');
INSERT INTO TRIPLEG VALUES( 2, 1, 'Sydney', 'Melbourne');
INSERT INTO TRIPLEG VALUES( 2, 2, 'Melbourne', 'Adelaide');
INSERT INTO TRIPLEG VALUES( 2, 3, 'Adelaide', 'Sydney');
INSERT INTO TRIPLEG VALUES( 3, 1, 'Sydney', 'Melbourne');
INSERT INTO TRIPLEG VALUES( 3, 2, 'Melbourne', 'Adelaide');
INSERT INTO TRIPLEG VALUES( 3, 3, 'Adelaide', 'Sydney');
INSERT INTO TRIPLEG VALUES( 4, 1, 'Sydney', 'Melbourne');
INSERT INTO TRIPLEG VALUES( 4, 2, 'Melbourne', 'Adelaide');
INSERT INTO TRIPLEG VALUES( 4, 3, 'Adelaide', 'Sydney');
INSERT INTO TRIPLEG VALUES( 5, 1, 'Melbourne', 'Sydney');
INSERT INTO TRIPLEG VALUES( 5, 2, 'Sydney', 'Adelaide');
INSERT INTO TRIPLEG VALUES( 5, 3, 'Adelaide', 'Sydney');
INSERT INTO TRIPLEG VALUES( 6, 1, 'Melbourne', 'Sydney');
INSERT INTO TRIPLEG VALUES( 6, 2, 'Sydney', 'Adelaide');
INSERT INTO TRIPLEG VALUES( 6, 3, 'Adelaide', 'Sydney');
INSERT INTO TRIPLEG VALUES( 7, 1, 'Melbourne', 'Sydney');
INSERT INTO TRIPLEG VALUES( 7, 2, 'Sydney', 'Adelaide');
INSERT INTO TRIPLEG VALUES( 7, 3, 'Adelaide', 'Sydney');
INSERT INTO TRIPLEG VALUES( 8, 1, 'Sydney', 'Newcastle');
INSERT INTO TRIPLEG VALUES( 8, 2, 'Newcastle', 'Brisbane');
INSERT INTO TRIPLEG VALUES( 8, 3, 'Brisbane', 'Rockhampton');
INSERT INTO TRIPLEG VALUES( 9, 1, 'Sydney', 'Melbourne');
INSERT INTO TRIPLEG VALUES(10, 1, 'Sydney', 'Wollongong');
INSERT INTO TRIPLEG VALUES(11, 1, 'Melbourne', 'Sydney');
INSERT INTO TRIPLEG VALUES(12, 1, 'Melbourne', 'Sydney');
INSERT INTO TRIPLEG VALUES(12, 2, 'Sydney', 'Melbourne');
INSERT INTO TRIPLEG VALUES(13, 1, 'Sydney', 'Melbourne');
INSERT INTO TRIPLEG VALUES(13, 2, 'Melbourne', 'Sydney');
INSERT INTO TRIPLEG VALUES(14, 1, 'Wollongong', 'Sydney');
INSERT INTO TRIPLEG VALUES(15, 1, 'Sydney', 'Melbourne');
INSERT INTO TRIPLEG VALUES(15, 2, 'Melbourne', 'Adelaide');
INSERT INTO TRIPLEG VALUES(16, 1, 'Sydney', 'Wollongong');
INSERT INTO TRIPLEG VALUES(16, 2, 'Wollongong', 'Adelaide');
INSERT INTO TRIPLEG VALUES(16, 3, 'Adelaide', 'Sydney');
INSERT INTO TRIPLEG VALUES(17, 1, 'Sydney', 'Wollongong');
INSERT INTO TRIPLEG VALUES(17, 2, 'Wollongong', 'Sydney');
INSERT INTO TRIPLEG VALUES(18, 1, 'Melbourne', 'Sydney');
INSERT INTO TRIPLEG VALUES(18, 2, 'Sydney', 'Adelaide');
INSERT INTO TRIPLEG VALUES(18, 3, 'Adelaide', 'Sydney');
INSERT INTO TRIPLEG VALUES(19, 1, 'Melbourne', 'Sydney');
INSERT INTO TRIPLEG VALUES(19, 2, 'Sydney', 'Adelaide');
INSERT INTO TRIPLEG VALUES(19, 3, 'Adelaide', 'Sydney');
INSERT INTO TRIPLEG VALUES(20, 1, 'Sydney', 'Melbourne');
INSERT INTO TRIPLEG VALUES(20, 2, 'Melbourne', 'Adelaide');
INSERT INTO TRIPLEG VALUES(20, 3, 'Adelaide', 'Sydney');
INSERT INTO TRIPLEG VALUES(21, 1, 'Wollongong', 'Sydney');
INSERT INTO TRIPLEG VALUES(21, 2, 'Sydney', 'Adelaide');
INSERT INTO TRIPLEG VALUES(21, 3, 'Adelaide', 'Sydney');
INSERT INTO TRIPLEG VALUES(22, 1, 'Melbourne', 'Sydney');
INSERT INTO TRIPLEG VALUES(22, 2, 'Sydney', 'Adelaide');
INSERT INTO TRIPLEG VALUES(22, 3, 'Adelaide', 'Sydney');
INSERT INTO TRIPLEG VALUES(23, 1, 'Wollongong', 'Sydney');
INSERT INTO TRIPLEG VALUES(23, 2, 'Sydney', 'Adelaide');
INSERT INTO TRIPLEG VALUES(23, 3, 'Adelaide', 'Sydney');
INSERT INTO TRIPLEG VALUES(24, 1, 'Sydney', 'Melbourne');
INSERT INTO TRIPLEG VALUES(24, 2, 'Melbourne', 'Adelaide');
INSERT INTO TRIPLEG VALUES(24, 3, 'Adelaide', 'Sydney');
INSERT INTO TRIPLEG VALUES(25, 1, 'Melbourne', 'Sydney');
INSERT INTO TRIPLEG VALUES(25, 2, 'Sydney', 'Perth' );
INSERT INTO TRIPLEG VALUES(25, 3, 'Perth', 'Sydney');
INSERT INTO TRIPLEG VALUES(25, 4, 'Sydney', 'Brisbane');
INSERT INTO TRIPLEG VALUES(26, 1, 'Brisbane', 'Sydney'); 
INSERT INTO TRIPLEG VALUES(26, 2, 'Sydney', 'Perth' );
INSERT INTO TRIPLEG VALUES(26, 3, 'Perth', 'Sydney');
INSERT INTO TRIPLEG VALUES(27, 1, 'Sydney', 'Wollongong');
INSERT INTO TRIPLEG VALUES(27, 2, 'Wollongong', 'Perth' );
INSERT INTO TRIPLEG VALUES(27, 3, 'Perth', 'Sydney');
INSERT INTO TRIPLEG VALUES(28, 1, 'Sydney', 'Melbourne');
INSERT INTO TRIPLEG VALUES(28, 2, 'Melbourne', 'Perth' );
INSERT INTO TRIPLEG VALUES(28, 3, 'Perth', 'Sydney');
INSERT INTO TRIPLEG VALUES(29, 1, 'Sydney', 'Melbourne');
INSERT INTO TRIPLEG VALUES(29, 2, 'Melbourne', 'Perth' );
INSERT INTO TRIPLEG VALUES(29, 3, 'Perth', 'Sydney');
INSERT INTO TRIPLEG VALUES(30, 1, 'Melbourne', 'Sydney');
INSERT INTO TRIPLEG VALUES(30, 2, 'Sydney', 'Melbourne');
INSERT INTO TRIPLEG VALUES(31, 1, 'Sydney', 'Melbourne');
INSERT INTO TRIPLEG VALUES(31, 2, 'Melbourne', 'Perth' );
INSERT INTO TRIPLEG VALUES(31, 3, 'Perth', 'Sydney');
INSERT INTO TRIPLEG VALUES(32, 1, 'Sydney', 'Melbourne');
INSERT INTO TRIPLEG VALUES(32, 2, 'Melbourne', 'Perth' );
INSERT INTO TRIPLEG VALUES(32, 3, 'Perth', 'Sydney');
INSERT INTO TRIPLEG VALUES(33, 1, 'Sydney', 'Melbourne');
INSERT INTO TRIPLEG VALUES(33, 2, 'Melbourne', 'Perth' );
INSERT INTO TRIPLEG VALUES(33, 3, 'Perth', 'Sydney');
INSERT INTO TRIPLEG VALUES(34, 1, 'Wollongong', 'Sydney');
INSERT INTO TRIPLEG VALUES(34, 2, 'Sydney', 'Perth' );
INSERT INTO TRIPLEG VALUES(34, 3, 'Perth', 'Sydney');
INSERT INTO TRIPLEG VALUES(35, 1, 'Sydney', 'Melbourne');
INSERT INTO TRIPLEG VALUES(35, 2, 'Melbourne', 'Adelaide');
INSERT INTO TRIPLEG VALUES(35, 3, 'Adelaide', 'Perth');
INSERT INTO TRIPLEG VALUES(35, 4, 'Perth', 'Sydney');
INSERT INTO TRIPLEG VALUES(36, 1, 'Sydney', 'Melbourne');
INSERT INTO TRIPLEG VALUES(37, 1, 'Sydney', 'Melbourne');
INSERT INTO TRIPLEG VALUES(37, 2, 'Melbourne', 'Hobart');
INSERT INTO TRIPLEG VALUES(37, 3, 'Hobart', 'Perth');
INSERT INTO TRIPLEG VALUES(37, 4, 'Perth', 'Adelaide');
INSERT INTO TRIPLEG VALUES(37, 5, 'Adelaide', 'Wollongong');
INSERT INTO TRIPLEG VALUES(38, 1, 'Sydney', 'Melbourne');
INSERT INTO TRIPLEG VALUES(38, 2, 'Melbourne', 'Adelaide');
INSERT INTO TRIPLEG VALUES(38, 3, 'Adelaide', 'Perth');
INSERT INTO TRIPLEG VALUES(38, 4, 'Perth', 'Sydney');
INSERT INTO TRIPLEG VALUES(39, 1, 'Sydney', 'Newcastle');
INSERT INTO TRIPLEG VALUES(39, 2, 'Newcastle', 'Brisbane');
INSERT INTO TRIPLEG VALUES(39, 3, 'Brisbane', 'Rockhampton');
INSERT INTO TRIPLEG VALUES(40, 1, 'Sydney', 'Melbourne');
INSERT INTO TRIPLEG VALUES(40, 2, 'Melbourne', 'Hobart');
INSERT INTO TRIPLEG VALUES(40, 3, 'Hobart', 'Perth');
INSERT INTO TRIPLEG VALUES(40, 4, 'Perth', 'Adelaide');
INSERT INTO TRIPLEG VALUES(40, 5, 'Adelaide', 'Wollongong');
INSERT INTO TRIPLEG VALUES(41, 1, 'Sydney', 'Melbourne');
INSERT INTO TRIPLEG VALUES(41, 2, 'Melbourne', 'Adelaide');
INSERT INTO TRIPLEG VALUES(41, 3, 'Adelaide', 'Perth');
INSERT INTO TRIPLEG VALUES(41, 4, 'Perth', 'Sydney');
INSERT INTO TRIPLEG VALUES(42, 1, 'Sydney', 'Newcastle');
INSERT INTO TRIPLEG VALUES(42, 2, 'Newcastle', 'Sydney');
INSERT INTO TRIPLEG VALUES(42, 3, 'Sydney', 'Perth');
INSERT INTO TRIPLEG VALUES(43, 1, 'Newcastle', 'Brisbane');
INSERT INTO TRIPLEG VALUES(43, 2, 'Brisbane', 'Rockhampton');
INSERT INTO TRIPLEG VALUES(43, 3, 'Rockhampton', 'Brisbane');
INSERT INTO TRIPLEG VALUES(44, 1, 'Melbourne', 'Sydney');
INSERT INTO TRIPLEG VALUES(44, 2, 'Sydney', 'Perth' );
INSERT INTO TRIPLEG VALUES(44, 3, 'Perth', 'Sydney');
INSERT INTO TRIPLEG VALUES(44, 4, 'Sydney', 'Brisbane');
INSERT INTO TRIPLEG VALUES(45, 1, 'Sydney', 'Melbourne');
INSERT INTO TRIPLEG VALUES(45, 2, 'Melbourne', 'Hobart');
INSERT INTO TRIPLEG VALUES(45, 3, 'Hobart', 'Perth');
INSERT INTO TRIPLEG VALUES(45, 4, 'Perth', 'Adelaide');
INSERT INTO TRIPLEG VALUES(45, 5, 'Adelaide', 'Wollongong');
INSERT INTO TRIPLEG VALUES(46, 1, 'Sydney', 'Melbourne');
INSERT INTO TRIPLEG VALUES(46, 2, 'Melbourne', 'Adelaide');
INSERT INTO TRIPLEG VALUES(46, 3, 'Adelaide', 'Perth');
INSERT INTO TRIPLEG VALUES(46, 4, 'Perth', 'Sydney');
INSERT INTO TRIPLEG VALUES(47, 1, 'Sydney', 'Newcastle');
INSERT INTO TRIPLEG VALUES(47, 2, 'Newcastle', 'Brisbane');
INSERT INTO TRIPLEG VALUES(47, 3, 'Brisbane', 'Rockhampton');
INSERT INTO TRIPLEG VALUES(48, 1, 'Melbourne', 'Sydney');
INSERT INTO TRIPLEG VALUES(48, 2, 'Sydney', 'Perth' );
INSERT INTO TRIPLEG VALUES(48, 3, 'Perth', 'Sydney');
INSERT INTO TRIPLEG VALUES(48, 4, 'Sydney', 'Brisbane');
INSERT INTO TRIPLEG VALUES(49, 1, 'Sydney', 'Melbourne');
INSERT INTO TRIPLEG VALUES(49, 2, 'Melbourne', 'Hobart');
INSERT INTO TRIPLEG VALUES(49, 3, 'Hobart', 'Perth');
INSERT INTO TRIPLEG VALUES(49, 4, 'Perth', 'Adelaide');
INSERT INTO TRIPLEG VALUES(49, 5, 'Adelaide', 'Wollongong');
INSERT INTO TRIPLEG VALUES(50, 1, 'Sydney', 'Melbourne');
INSERT INTO TRIPLEG VALUES(50, 2, 'Melbourne', 'Adelaide');
INSERT INTO TRIPLEG VALUES(50, 3, 'Adelaide', 'Perth');
INSERT INTO TRIPLEG VALUES(50, 4, 'Perth', 'Sydney');
INSERT INTO TRIPLEG VALUES(51, 1, 'Sydney', 'Newcastle');
INSERT INTO TRIPLEG VALUES(51, 2, 'Newcastle', 'Brisbane');
INSERT INTO TRIPLEG VALUES(51, 3, 'Brisbane', 'Rockhampton');
INSERT INTO TRIPLEG VALUES(52, 1, 'Melbourne', 'Sydney');
INSERT INTO TRIPLEG VALUES(52, 2, 'Sydney', 'Perth' );
INSERT INTO TRIPLEG VALUES(52, 3, 'Perth', 'Sydney');
INSERT INTO TRIPLEG VALUES(52, 4, 'Sydney', 'Brisbane');
INSERT INTO TRIPLEG VALUES(56, 1, 'Sydney', 'Melbourne');
INSERT INTO TRIPLEG VALUES(56, 2, 'Melbourne', 'Hobart');
INSERT INTO TRIPLEG VALUES(56, 3, 'Hobart', 'Perth');
INSERT INTO TRIPLEG VALUES(56, 4, 'Perth', 'Adelaide');
INSERT INTO TRIPLEG VALUES(56, 5, 'Adelaide', 'Wollongong');
INSERT INTO TRIPLEG VALUES(57, 1, 'Sydney', 'Melbourne');
INSERT INTO TRIPLEG VALUES(57, 2, 'Melbourne', 'Adelaide');
INSERT INTO TRIPLEG VALUES(57, 3, 'Adelaide', 'Perth');
INSERT INTO TRIPLEG VALUES(57, 4, 'Perth', 'Sydney');
INSERT INTO TRIPLEG VALUES(58, 1, 'Sydney', 'Newcastle');
INSERT INTO TRIPLEG VALUES(58, 2, 'Newcastle', 'Brisbane');
INSERT INTO TRIPLEG VALUES(58, 3, 'Brisbane', 'Rockhampton');
INSERT INTO TRIPLEG VALUES(59, 1, 'Melbourne', 'Sydney');
INSERT INTO TRIPLEG VALUES(59, 2, 'Sydney', 'Perth' );
INSERT INTO TRIPLEG VALUES(59, 3, 'Perth', 'Sydney');
INSERT INTO TRIPLEG VALUES(59, 4, 'Sydney', 'Brisbane');
INSERT INTO TRIPLEG VALUES(60, 1, 'Sydney', 'Melbourne');
INSERT INTO TRIPLEG VALUES(60, 2, 'Melbourne', 'Hobart');
INSERT INTO TRIPLEG VALUES(60, 3, 'Hobart', 'Perth');
INSERT INTO TRIPLEG VALUES(60, 4, 'Perth', 'Adelaide');
INSERT INTO TRIPLEG VALUES(60, 5, 'Adelaide', 'Wollongong');
INSERT INTO TRIPLEG VALUES(61, 1, 'Sydney', 'Melbourne');
INSERT INTO TRIPLEG VALUES(61, 2, 'Melbourne', 'Adelaide');
INSERT INTO TRIPLEG VALUES(61, 3, 'Adelaide', 'Perth');
INSERT INTO TRIPLEG VALUES(61, 4, 'Perth', 'Sydney');
INSERT INTO TRIPLEG VALUES(62, 1, 'Sydney', 'Newcastle');
INSERT INTO TRIPLEG VALUES(62, 2, 'Newcastle', 'Brisbane');
INSERT INTO TRIPLEG VALUES(62, 3, 'Brisbane', 'Rockhampton');
INSERT INTO TRIPLEG VALUES(63, 1, 'Melbourne', 'Sydney');
INSERT INTO TRIPLEG VALUES(63, 2, 'Sydney', 'Perth' );
INSERT INTO TRIPLEG VALUES(63, 3, 'Perth', 'Sydney');
INSERT INTO TRIPLEG VALUES(63, 4, 'Sydney', 'Brisbane');
INSERT INTO TRIPLEG VALUES(64, 1, 'Sydney', 'Melbourne');
INSERT INTO TRIPLEG VALUES(64, 2, 'Melbourne', 'Hobart');
INSERT INTO TRIPLEG VALUES(64, 3, 'Hobart', 'Perth');
INSERT INTO TRIPLEG VALUES(64, 4, 'Perth', 'Adelaide');
INSERT INTO TRIPLEG VALUES(64, 5, 'Adelaide', 'Wollongong');
INSERT INTO TRIPLEG VALUES(65, 1, 'Sydney', 'Melbourne');
INSERT INTO TRIPLEG VALUES(65, 2, 'Melbourne', 'Adelaide');
INSERT INTO TRIPLEG VALUES(65, 3, 'Adelaide', 'Perth');
INSERT INTO TRIPLEG VALUES(65, 4, 'Perth', 'Sydney');
INSERT INTO TRIPLEG VALUES(66, 1, 'Sydney', 'Newcastle');
INSERT INTO TRIPLEG VALUES(66, 2, 'Newcastle', 'Brisbane');
INSERT INTO TRIPLEG VALUES(66, 3, 'Brisbane', 'Rockhampton');
INSERT INTO TRIPLEG VALUES(67, 1, 'Melbourne', 'Sydney');
INSERT INTO TRIPLEG VALUES(67, 2, 'Sydney', 'Perth' );
INSERT INTO TRIPLEG VALUES(67, 3, 'Perth', 'Sydney');
INSERT INTO TRIPLEG VALUES(67, 4, 'Sydney', 'Brisbane');
INSERT INTO TRIPLEG VALUES(68, 1, 'Sydney', 'Melbourne');
INSERT INTO TRIPLEG VALUES(68, 2, 'Melbourne', 'Hobart');
INSERT INTO TRIPLEG VALUES(68, 3, 'Hobart', 'Perth');
INSERT INTO TRIPLEG VALUES(68, 4, 'Perth', 'Adelaide');
INSERT INTO TRIPLEG VALUES(68, 5, 'Adelaide', 'Wollongong');
INSERT INTO TRIPLEG VALUES(69, 1, 'Sydney', 'Melbourne');
INSERT INTO TRIPLEG VALUES(69, 2, 'Melbourne', 'Adelaide');
INSERT INTO TRIPLEG VALUES(69, 3, 'Adelaide', 'Perth');
INSERT INTO TRIPLEG VALUES(69, 4, 'Perth', 'Sydney');
INSERT INTO TRIPLEG VALUES(70, 1, 'Sydney', 'Newcastle');
INSERT INTO TRIPLEG VALUES(70, 2, 'Newcastle', 'Brisbane');
INSERT INTO TRIPLEG VALUES(70, 3, 'Brisbane', 'Rockhampton');
INSERT INTO TRIPLEG VALUES(71, 1, 'Sydney', 'Melbourne');
INSERT INTO TRIPLEG VALUES(71, 2, 'Melbourne', 'Hobart');
INSERT INTO TRIPLEG VALUES(71, 3, 'Hobart', 'Perth');
INSERT INTO TRIPLEG VALUES(71, 4, 'Perth', 'Adelaide');
INSERT INTO TRIPLEG VALUES(71, 5, 'Adelaide', 'Wollongong');
INSERT INTO TRIPLEG VALUES(72, 1, 'Sydney', 'Melbourne');
INSERT INTO TRIPLEG VALUES(72, 2, 'Melbourne', 'Adelaide');
INSERT INTO TRIPLEG VALUES(72, 3, 'Adelaide', 'Perth');
INSERT INTO TRIPLEG VALUES(72, 4, 'Perth', 'Sydney');
INSERT INTO TRIPLEG VALUES(72, 5, 'Sydney', 'Wollongong');
INSERT INTO TRIPLEG VALUES(72, 6, 'Wollongong', 'Canberra');
INSERT INTO TRIPLEG VALUES(72, 7, 'Canberra', 'Perth');
INSERT INTO TRIPLEG VALUES(72, 8, 'Perth', 'Adelaide');
INSERT INTO TRIPLEG VALUES(73, 1, 'Sydney', 'Newcastle');
INSERT INTO TRIPLEG VALUES(73, 2, 'Newcastle', 'Brisbane');
INSERT INTO TRIPLEG VALUES(73, 3, 'Brisbane', 'Rockhampton');
INSERT INTO TRIPLEG VALUES(74, 1, 'Melbourne', 'Sydney');
INSERT INTO TRIPLEG VALUES(74, 2, 'Sydney', 'Perth' );
INSERT INTO TRIPLEG VALUES(74, 3, 'Perth', 'Sydney');
INSERT INTO TRIPLEG VALUES(74, 4, 'Sydney', 'Brisbane');
INSERT INTO TRIPLEG VALUES(75, 1, 'Sydney', 'Melbourne');
INSERT INTO TRIPLEG VALUES(75, 2, 'Melbourne', 'Hobart');
INSERT INTO TRIPLEG VALUES(75, 3, 'Hobart', 'Perth');
INSERT INTO TRIPLEG VALUES(75, 4, 'Perth', 'Adelaide');
INSERT INTO TRIPLEG VALUES(75, 5, 'Adelaide', 'Wollongong');
INSERT INTO TRIPLEG VALUES(76, 1, 'Sydney', 'Melbourne');
INSERT INTO TRIPLEG VALUES(76, 2, 'Melbourne', 'Adelaide');
INSERT INTO TRIPLEG VALUES(76, 3, 'Adelaide', 'Perth');
INSERT INTO TRIPLEG VALUES(76, 4, 'Perth', 'Sydney');
INSERT INTO TRIPLEG VALUES(77, 1, 'Sydney', 'Newcastle');
INSERT INTO TRIPLEG VALUES(77, 2, 'Newcastle', 'Brisbane');
INSERT INTO TRIPLEG VALUES(77, 3, 'Brisbane', 'Rockhampton');
INSERT INTO TRIPLEG VALUES(78, 1, 'Melbourne', 'Sydney');
INSERT INTO TRIPLEG VALUES(78, 2, 'Sydney', 'Perth' );
INSERT INTO TRIPLEG VALUES(78, 3, 'Perth', 'Sydney');
INSERT INTO TRIPLEG VALUES(78, 4, 'Sydney', 'Brisbane');
INSERT INTO TRIPLEG VALUES(79, 1, 'Sydney', 'Goldcoast');
INSERT INTO TRIPLEG VALUES(80, 1, 'Sydney', 'Melbourne');
INSERT INTO TRIPLEG VALUES(80, 2, 'Melbourne', 'Hobart');
INSERT INTO TRIPLEG VALUES(80, 3, 'Hobart', 'Perth');
INSERT INTO TRIPLEG VALUES(80, 4, 'Perth', 'Adelaide');
INSERT INTO TRIPLEG VALUES(80, 5, 'Adelaide', 'Wollongong');
INSERT INTO TRIPLEG VALUES(81, 1, 'Sydney', 'Melbourne');
INSERT INTO TRIPLEG VALUES(81, 2, 'Melbourne', 'Adelaide');
INSERT INTO TRIPLEG VALUES(81, 3, 'Adelaide', 'Perth');
INSERT INTO TRIPLEG VALUES(81, 4, 'Perth', 'Sydney');
INSERT INTO TRIPLEG VALUES(82, 1, 'Sydney', 'Newcastle');
INSERT INTO TRIPLEG VALUES(82, 2, 'Newcastle', 'Brisbane');
INSERT INTO TRIPLEG VALUES(82, 3, 'Brisbane', 'Rockhampton');
INSERT INTO TRIPLEG VALUES(83, 1, 'Melbourne', 'Sydney');
INSERT INTO TRIPLEG VALUES(83, 2, 'Sydney', 'Perth' );
INSERT INTO TRIPLEG VALUES(83, 3, 'Perth', 'Sydney');
INSERT INTO TRIPLEG VALUES(83, 4, 'Sydney', 'Brisbane');
INSERT INTO TRIPLEG VALUES(84, 1, 'Sydney', 'Melbourne');
INSERT INTO TRIPLEG VALUES(84, 2, 'Melbourne', 'Hobart');
INSERT INTO TRIPLEG VALUES(84, 3, 'Hobart', 'Perth');
INSERT INTO TRIPLEG VALUES(84, 4, 'Perth', 'Adelaide');
INSERT INTO TRIPLEG VALUES(84, 5, 'Adelaide', 'Wollongong');
INSERT INTO TRIPLEG VALUES(85, 1, 'Sydney', 'Melbourne');
INSERT INTO TRIPLEG VALUES(85, 2, 'Melbourne', 'Adelaide');
INSERT INTO TRIPLEG VALUES(85, 3, 'Adelaide', 'Perth');
INSERT INTO TRIPLEG VALUES(85, 4, 'Perth', 'Sydney');
INSERT INTO TRIPLEG VALUES(86, 1, 'Sydney', 'Newcastle');
INSERT INTO TRIPLEG VALUES(86, 2, 'Newcastle', 'Brisbane');
INSERT INTO TRIPLEG VALUES(86, 3, 'Brisbane', 'Rockhampton');
INSERT INTO TRIPLEG VALUES(87, 1, 'Brisbane', 'Sydney');
INSERT INTO TRIPLEG VALUES(88, 1, 'Melbourne', 'Sydney');
INSERT INTO TRIPLEG VALUES(88, 2, 'Sydney', 'Perth' );
INSERT INTO TRIPLEG VALUES(88, 3, 'Perth', 'Sydney');
INSERT INTO TRIPLEG VALUES(88, 4, 'Sydney', 'Brisbane');
INSERT INTO TRIPLEG VALUES(89, 1, 'Sydney', 'Melbourne');
INSERT INTO TRIPLEG VALUES(89, 2, 'Melbourne', 'Hobart');
INSERT INTO TRIPLEG VALUES(89, 3, 'Hobart', 'Perth');
INSERT INTO TRIPLEG VALUES(89, 4, 'Perth', 'Adelaide');
INSERT INTO TRIPLEG VALUES(89, 5, 'Adelaide', 'Wollongong');
INSERT INTO TRIPLEG VALUES(90, 1, 'Sydney', 'Melbourne');
INSERT INTO TRIPLEG VALUES(90, 2, 'Melbourne', 'Adelaide');
INSERT INTO TRIPLEG VALUES(90, 3, 'Adelaide', 'Perth');
INSERT INTO TRIPLEG VALUES(90, 4, 'Perth', 'Sydney');
INSERT INTO TRIPLEG VALUES(91, 1, 'Sydney', 'Newcastle');
INSERT INTO TRIPLEG VALUES(91, 2, 'Newcastle', 'Brisbane');
INSERT INTO TRIPLEG VALUES(91, 3, 'Brisbane', 'Rockhampton');
INSERT INTO TRIPLEG VALUES(92, 1, 'Melbourne', 'Sydney');
INSERT INTO TRIPLEG VALUES(92, 2, 'Sydney', 'Perth' );
INSERT INTO TRIPLEG VALUES(92, 3, 'Perth', 'Sydney');
INSERT INTO TRIPLEG VALUES(92, 4, 'Sydney', 'Brisbane');
INSERT INTO TRIPLEG VALUES(93, 1, 'Sydney', 'Melbourne');
INSERT INTO TRIPLEG VALUES(93, 2, 'Melbourne', 'Hobart');
INSERT INTO TRIPLEG VALUES(93, 3, 'Hobart', 'Perth');
INSERT INTO TRIPLEG VALUES(93, 4, 'Perth', 'Adelaide');
INSERT INTO TRIPLEG VALUES(93, 5, 'Adelaide', 'Wollongong');
INSERT INTO TRIPLEG VALUES(94, 1, 'Sydney', 'Melbourne');
INSERT INTO TRIPLEG VALUES(94, 2, 'Melbourne', 'Adelaide');
INSERT INTO TRIPLEG VALUES(94, 3, 'Adelaide', 'Perth');
INSERT INTO TRIPLEG VALUES(94, 4, 'Perth', 'Sydney');
INSERT INTO TRIPLEG VALUES(95, 1, 'Sydney', 'Newcastle');
INSERT INTO TRIPLEG VALUES(95, 2, 'Newcastle', 'Brisbane');
INSERT INTO TRIPLEG VALUES(95, 3, 'Brisbane', 'Rockhampton');
INSERT INTO TRIPLEG VALUES(96, 1, 'Melbourne', 'Sydney');
INSERT INTO TRIPLEG VALUES(96, 2, 'Sydney', 'Perth' );
INSERT INTO TRIPLEG VALUES(96, 3, 'Perth', 'Sydney');
INSERT INTO TRIPLEG VALUES(96, 4, 'Sydney', 'Brisbane');
INSERT INTO TRIPLEG VALUES(97, 1, 'Sydney', 'Melbourne');
INSERT INTO TRIPLEG VALUES(97, 2, 'Melbourne', 'Hobart');
INSERT INTO TRIPLEG VALUES(97, 3, 'Hobart', 'Perth');
INSERT INTO TRIPLEG VALUES(97, 4, 'Perth', 'Adelaide');
INSERT INTO TRIPLEG VALUES(97, 5, 'Adelaide', 'Wollongong');
INSERT INTO TRIPLEG VALUES(98, 1, 'Sydney', 'Melbourne');
INSERT INTO TRIPLEG VALUES(98, 2, 'Melbourne', 'Adelaide');
INSERT INTO TRIPLEG VALUES(98, 3, 'Adelaide', 'Perth');
INSERT INTO TRIPLEG VALUES(98, 4, 'Perth', 'Sydney');
INSERT INTO TRIPLEG VALUES(99, 1, 'Sydney', 'Newcastle');
INSERT INTO TRIPLEG VALUES(99, 2, 'Newcastle', 'Brisbane');
INSERT INTO TRIPLEG VALUES(99, 3, 'Brisbane', 'Rockhampton');
INSERT INTO TRIPLEG VALUES(100, 1, 'Melbourne', 'Brisbane');
INSERT INTO TRIPLEG VALUES(101, 1, 'Melbourne', 'Sydney');
INSERT INTO TRIPLEG VALUES(101, 2, 'Sydney', 'Perth' );
INSERT INTO TRIPLEG VALUES(101, 3, 'Perth', 'Sydney');
INSERT INTO TRIPLEG VALUES(101, 4, 'Sydney', 'Brisbane');
INSERT INTO TRIPLEG VALUES(102, 1, 'Sydney', 'Melbourne');
INSERT INTO TRIPLEG VALUES(102, 2, 'Melbourne', 'Perth');
INSERT INTO TRIPLEG VALUES(102, 3, 'Perth', 'Melbourne');
INSERT INTO TRIPLEG VALUES(103, 1, 'Sydney', 'Melbourne');
INSERT INTO TRIPLEG VALUES(103, 2, 'Melbourne', 'Perth');
INSERT INTO TRIPLEG VALUES(103, 3, 'Perth', 'Melbourne');
INSERT INTO TRIPLEG VALUES(104, 1, 'Sydney', 'Melbourne');
INSERT INTO TRIPLEG VALUES(104, 2, 'Melbourne', 'Perth');
INSERT INTO TRIPLEG VALUES(104, 3, 'Perth', 'Melbourne');
INSERT INTO TRIPLEG VALUES(105, 1, 'Sydney', 'Melbourne');
INSERT INTO TRIPLEG VALUES(105, 2, 'Melbourne', 'Perth');
INSERT INTO TRIPLEG VALUES(105, 3, 'Perth', 'Melbourne');
INSERT INTO TRIPLEG VALUES(106, 1, 'Melbourne', 'Sydney');
INSERT INTO TRIPLEG VALUES(106, 2, 'Sydney', 'Perth');
INSERT INTO TRIPLEG VALUES(106, 3, 'Perth', 'Melbourne');
INSERT INTO TRIPLEG VALUES(107, 1, 'Melbourne', 'Sydney');
INSERT INTO TRIPLEG VALUES(107, 2, 'Sydney', 'Perth');
INSERT INTO TRIPLEG VALUES(107, 3, 'Perth', 'Melbourne');
INSERT INTO TRIPLEG VALUES(108, 1, 'Melbourne', 'Sydney');
INSERT INTO TRIPLEG VALUES(108, 2, 'Sydney', 'Perth');
INSERT INTO TRIPLEG VALUES(108, 3, 'Perth', 'Melbourne');
INSERT INTO TRIPLEG VALUES(109, 1, 'Adelaide', 'Geelong');
INSERT INTO TRIPLEG VALUES(109, 2, 'Geelong', 'Melbourne');
INSERT INTO TRIPLEG VALUES(109, 3, 'Melbourne', 'Frankston');
INSERT INTO TRIPLEG VALUES(110, 1, 'Sydney', 'Melbourne');
INSERT INTO TRIPLEG VALUES(110, 2, 'Melbourne', 'Hobart');
INSERT INTO TRIPLEG VALUES(110, 3, 'Hobart', 'Perth');
INSERT INTO TRIPLEG VALUES(110, 4, 'Perth', 'Adelaide');
INSERT INTO TRIPLEG VALUES(110, 5, 'Adelaide', 'Wollongong');
INSERT INTO TRIPLEG VALUES(111, 1, 'Hervey Bay', 'Maryborough');
INSERT INTO TRIPLEG VALUES(111, 2, 'Maryborough', 'Sunshine Coast');
INSERT INTO TRIPLEG VALUES(111, 3, 'Sunshine Coast', 'Brisbane');
INSERT INTO TRIPLEG VALUES(111, 4, 'Brisbane', 'Gold Coast');
INSERT INTO TRIPLEG VALUES(112, 1, 'Wollongong', 'Sydney');
INSERT INTO TRIPLEG VALUES(112, 2, 'Sydney', 'Newcastle');
INSERT INTO TRIPLEG VALUES(112, 3, 'Newcastle', 'Port Macquarie');
INSERT INTO TRIPLEG VALUES(113, 1, 'Melbourne', 'Sydney');
INSERT INTO TRIPLEG VALUES(113, 2, 'Sydney', 'Perth' );
INSERT INTO TRIPLEG VALUES(113, 3, 'Perth', 'Sydney');
INSERT INTO TRIPLEG VALUES(113, 4, 'Sydney', 'Brisbane');
INSERT INTO TRIPLEG VALUES(114, 1, 'Canberra', 'Bungendore');
INSERT INTO TRIPLEG VALUES(114, 2, 'Bungendore', 'Braidwood');
INSERT INTO TRIPLEG VALUES(114, 3, 'Braidwood', 'Batemans');
INSERT INTO TRIPLEG VALUES(114, 4, 'Batemans', 'Moruya');
INSERT INTO TRIPLEG VALUES(114, 5, 'Moruya', 'Bega');
INSERT INTO TRIPLEG VALUES(115, 1, 'Sydney', 'Campbelltown');
INSERT INTO TRIPLEG VALUES(115, 2, 'Campbelltown', 'Bowral');
INSERT INTO TRIPLEG VALUES(115, 3, 'Bowral', 'Goulburn');
INSERT INTO TRIPLEG VALUES(115, 4, 'Goulburn', 'Canberra');
INSERT INTO TRIPLEG VALUES(116, 1, 'Mackay', 'Rockhampton');
INSERT INTO TRIPLEG VALUES(116, 2, 'Rockhampton', 'Gladstone');
INSERT INTO TRIPLEG VALUES(116, 3, 'Gladstone', 'Bundaberg');
INSERT INTO TRIPLEG VALUES(117, 1, 'Hervey Bay', 'Maryborough');
INSERT INTO TRIPLEG VALUES(117, 2, 'Maryborough', 'Sunshine Coast');
INSERT INTO TRIPLEG VALUES(117, 3, 'Sunshine Coast', 'Brisbane');
INSERT INTO TRIPLEG VALUES(117, 4, 'Brisbane', 'Gold Coast');
INSERT INTO TRIPLEG VALUES(118, 1, 'Dubbo', 'Wellington');
INSERT INTO TRIPLEG VALUES(118, 2, 'Wellington', 'Molong');
INSERT INTO TRIPLEG VALUES(118, 3, 'Molong', 'Orange');
INSERT INTO TRIPLEG VALUES(118, 4, 'Orange', 'Bathurst');
INSERT INTO TRIPLEG VALUES(118, 5, 'Bathurst', 'Sydney');
INSERT INTO TRIPLEG VALUES(119, 1, 'Sydney', 'Melbourne');
INSERT INTO TRIPLEG VALUES(119, 2, 'Melbourne', 'Adelaide');
INSERT INTO TRIPLEG VALUES(119, 3, 'Adelaide', 'Perth');
INSERT INTO TRIPLEG VALUES(119, 4, 'Perth', 'Sydney');
INSERT INTO TRIPLEG VALUES(120, 1, 'Adelaide', 'Geelong');
INSERT INTO TRIPLEG VALUES(120, 2, 'Geelong', 'Melbourne');
INSERT INTO TRIPLEG VALUES(120, 3, 'Melbourne', 'Frankston');
INSERT INTO TRIPLEG VALUES(121, 1, 'Sunshine Coast', 'Brisbane');
INSERT INTO TRIPLEG VALUES(121, 2, 'Brisbane', 'Gold Coast');
INSERT INTO TRIPLEG VALUES(121, 3, 'Gold Coast', 'Coffs Harbour');
INSERT INTO TRIPLEG VALUES(121, 4, 'Coffs Harbour', 'Newcastle');
INSERT INTO TRIPLEG VALUES(121, 5, 'Newcastle', 'Sydney');
INSERT INTO TRIPLEG VALUES(122, 1, 'Adelaide', 'Murray Bridge');
INSERT INTO TRIPLEG VALUES(122, 2, 'Murray Bridge', 'Tailem Bend');
INSERT INTO TRIPLEG VALUES(122, 3, 'Tailem Bend', 'Bordertown');
INSERT INTO TRIPLEG VALUES(122, 4, 'Bordertown', 'Horsham');
INSERT INTO TRIPLEG VALUES(122, 5, 'Horsham', 'Ararat');
INSERT INTO TRIPLEG VALUES(122, 6, 'Ararat', 'Ballarat');
INSERT INTO TRIPLEG VALUES(122, 7, 'Ballarat', 'Bacchus Marsh');
INSERT INTO TRIPLEG VALUES(122, 8, 'Bacchus Marsh', 'Melbourne');
INSERT INTO TRIPLEG VALUES(123, 1, 'Sydney', 'Newcastle');
INSERT INTO TRIPLEG VALUES(123, 2, 'Newcastle', 'Brisbane');
INSERT INTO TRIPLEG VALUES(123, 3, 'Brisbane', 'Rockhampton');
INSERT INTO TRIPLEG VALUES(124, 1, 'Sydney', 'Campbelltown');
INSERT INTO TRIPLEG VALUES(124, 2, 'Campbelltown', 'Bowral' );
INSERT INTO TRIPLEG VALUES(124, 3, 'Bowral', 'Goulburn');
INSERT INTO TRIPLEG VALUES(124, 4, 'Goulburn', 'Canberra');
INSERT INTO TRIPLEG VALUES(125, 1, 'Port Pirie', 'Crystal Brook');
INSERT INTO TRIPLEG VALUES(125, 2, 'Crystal Brook', 'Spalding');
INSERT INTO TRIPLEG VALUES(125, 3, 'Spalding', 'Burra');
INSERT INTO TRIPLEG VALUES(125, 4, 'Burra', 'Manoora');
INSERT INTO TRIPLEG VALUES(125, 5, 'Manoora', 'Saddleworth');
INSERT INTO TRIPLEG VALUES(126, 1, 'Eudunda', 'Truro');
INSERT INTO TRIPLEG VALUES(126, 2, 'Truro', 'Blanchetown');
INSERT INTO TRIPLEG VALUES(126, 3, 'Blanchetown', 'Kingston');
INSERT INTO TRIPLEG VALUES(126, 4, 'Kingston', 'Barmera');
INSERT INTO TRIPLEG VALUES(127, 1, 'Bega', 'Moruya');
INSERT INTO TRIPLEG VALUES(127, 2, 'Moruya', 'Ulladulla');
INSERT INTO TRIPLEG VALUES(127, 3, 'Ulladulla', 'Wollongong');
INSERT INTO TRIPLEG VALUES(128, 1, 'Melbourne', 'Morwell');
INSERT INTO TRIPLEG VALUES(128, 2, 'Morwell', 'Sale' );
INSERT INTO TRIPLEG VALUES(128, 3, 'Sale', 'Bairnsdale');
INSERT INTO TRIPLEG VALUES(128, 4, 'Bairnsdale', 'Eden');
INSERT INTO TRIPLEG VALUES(129, 1, 'Sydney', 'Goldcoast');
INSERT INTO TRIPLEG VALUES(130, 1, 'Horsham', 'Ararat');
INSERT INTO TRIPLEG VALUES(130, 2, 'Ararat', 'Ballarat');
INSERT INTO TRIPLEG VALUES(130, 3, 'Ballarat', 'Bacchus Marsh');
INSERT INTO TRIPLEG VALUES(130, 4, 'Bacchus Marsh', 'Melbourne');
INSERT INTO TRIPLEG VALUES(130, 5, 'Melbourne', 'Mornigton');
INSERT INTO TRIPLEG VALUES(131, 1, 'Port Macquarie', 'Newcastle');
INSERT INTO TRIPLEG VALUES(131, 2, 'Newcastle', 'Sydney');
INSERT INTO TRIPLEG VALUES(131, 3, 'Sydney', 'Wollongong');
INSERT INTO TRIPLEG VALUES(131, 4, 'Wollongong', 'Melbourne');
INSERT INTO TRIPLEG VALUES(132, 1, 'Mackay', 'Rockhampton');
INSERT INTO TRIPLEG VALUES(132, 2, 'Rockhampton', 'Gladstone');
INSERT INTO TRIPLEG VALUES(132, 3, 'Gladstone', 'Bundaberg');
INSERT INTO TRIPLEG VALUES(133, 1, 'Melbourne', 'Morwell');
INSERT INTO TRIPLEG VALUES(133, 2, 'Morwell', 'Sale' );
INSERT INTO TRIPLEG VALUES(133, 3, 'Sale', 'Bairnsdale');
INSERT INTO TRIPLEG VALUES(133, 4, 'Bairnsdale', 'Eden');
INSERT INTO TRIPLEG VALUES(134, 1, 'Eden', 'Bega');
INSERT INTO TRIPLEG VALUES(134, 2, 'Bega', 'Moruya');
INSERT INTO TRIPLEG VALUES(134, 3, 'Moruya', 'Ulladulla');
INSERT INTO TRIPLEG VALUES(134, 4, 'Ulladulla', 'Wollongong');
INSERT INTO TRIPLEG VALUES(134, 5, 'Wollongong', 'Sydney');
INSERT INTO TRIPLEG VALUES(135, 1, 'Sydney', 'Newcastle');
INSERT INTO TRIPLEG VALUES(135, 2, 'Newcastle', 'Coffs Harbour');
INSERT INTO TRIPLEG VALUES(135, 3, 'Coffs Harbour', 'Gold Coast');
INSERT INTO TRIPLEG VALUES(135, 4, 'Gold Coast', 'Brisbane');
INSERT INTO TRIPLEG VALUES(136, 1, 'Maryborough', 'Sunshine Coast');
INSERT INTO TRIPLEG VALUES(136, 2, 'Sunshine Coast', 'Brisbane');
INSERT INTO TRIPLEG VALUES(136, 3, 'Brisbane', 'Gold Coast');
INSERT INTO TRIPLEG VALUES(137, 1, 'Wollongong', 'Sydney');
INSERT INTO TRIPLEG VALUES(138, 1, 'Sydney', 'Campbelltown');
INSERT INTO TRIPLEG VALUES(138, 2, 'Campbelltown', 'Bowral' );
INSERT INTO TRIPLEG VALUES(138, 3, 'Bowral', 'Goulburn');
INSERT INTO TRIPLEG VALUES(138, 4, 'Goulburn', 'Canberra');
INSERT INTO TRIPLEG VALUES(139, 1, 'Dubbo', 'Wellington');
INSERT INTO TRIPLEG VALUES(139, 2, 'Wellington', 'Molong');
INSERT INTO TRIPLEG VALUES(139, 3, 'Molong', 'Orange');
INSERT INTO TRIPLEG VALUES(139, 4, 'Orange', 'Bathurst');
INSERT INTO TRIPLEG VALUES(139, 5, 'Bathurst', 'Sydney');
INSERT INTO TRIPLEG VALUES(140, 1, 'Saddleworth', 'Marrabel');
INSERT INTO TRIPLEG VALUES(140, 2, 'Marrabel', 'Eudunda');
INSERT INTO TRIPLEG VALUES(140, 3, 'Eudunda', 'Truro');
INSERT INTO TRIPLEG VALUES(140, 4, 'Truro', 'Blanchetown');

-- Create a relational table MAINTENANCE and insert sample
-- records
CREATE TABLE MAINTENANCE(
	REG#		VARCHAR2(10)	NOT NULL,
	L#		VARCHAR2(15)	NOT NULL,
	TIME		NUMBER(6)	        ,
     MAINTENANCEDATE DATE		NOT NULL,
	CONSTRAINT MAINTENANCE_PKEY PRIMARY KEY(REG#, L#, MAINTENANCEDATE),
	CONSTRAINT MAINTENANCE_FKEY1 FOREIGN KEY (REG#) REFERENCES TRUCK(REG#),
	CONSTRAINT MAINTENANCE_FKEY2 FOREIGN KEY (L#) REFERENCES MECHANIC(L#)
);

-- Insert sample records
INSERT INTO MAINTENANCE VALUES( 'QRT834', '07773', 400, ADD_MONTHS( SYSDATE, -24) );
INSERT INTO MAINTENANCE VALUES( 'QRT834', '10345', 400, ADD_MONTHS( SYSDATE, -20) );
INSERT INTO MAINTENANCE VALUES( 'QRT834', '07773', 400, ADD_MONTHS( SYSDATE, -16) );
INSERT INTO MAINTENANCE VALUES( 'QRT834', '10345', 400, ADD_MONTHS( SYSDATE, -12 ) );
INSERT INTO MAINTENANCE VALUES( 'QRT834', '10452', 500, ADD_MONTHS( SYSDATE, -2 ) );
INSERT INTO MAINTENANCE VALUES( 'QRT834', '07773', 200, ADD_MONTHS( SYSDATE, -8 ) );
INSERT INTO MAINTENANCE VALUES( 'QRT834', '22205', 500, ADD_MONTHS( SYSDATE, -4 ) );
INSERT INTO MAINTENANCE VALUES( 'QRT834', '07773', 400, ADD_MONTHS( SYSDATE, 0 ) );
INSERT INTO MAINTENANCE VALUES( 'QRT834', '10452', 50,  ADD_MONTHS( SYSDATE, -3 ) );
INSERT INTO MAINTENANCE VALUES( 'QRT834', '22205', 500, ADD_MONTHS( SYSDATE, -28 ) );
INSERT INTO MAINTENANCE VALUES( 'SYF777', '07773', 300, ADD_MONTHS( SYSDATE, -21 ) );
INSERT INTO MAINTENANCE VALUES( 'SYF777', '10345', 200, ADD_MONTHS( SYSDATE, -17 ) );
INSERT INTO MAINTENANCE VALUES( 'SYF777', '07773', 300, ADD_MONTHS( SYSDATE, -13 ) );
INSERT INTO MAINTENANCE VALUES( 'SYF777', '07773', 300, ADD_MONTHS( SYSDATE, -9 ) );
INSERT INTO MAINTENANCE VALUES( 'SYF777', '07773', 300, ADD_MONTHS( SYSDATE, -5 ) );
INSERT INTO MAINTENANCE VALUES( 'SYF777', '07773', 300, ADD_MONTHS( SYSDATE, -1 ) );
INSERT INTO MAINTENANCE VALUES( 'LUCY01', '22205', 200, ADD_MONTHS( SYSDATE, -10 ) );
INSERT INTO MAINTENANCE VALUES( 'LUCY01', '07773', 200, ADD_MONTHS( SYSDATE, -6 ) );
INSERT INTO MAINTENANCE VALUES( 'LUCY01', '22205', 200, ADD_MONTHS( SYSDATE, -5 ) );
INSERT INTO MAINTENANCE VALUES( 'LUCY01', '07773', 400, ADD_MONTHS( SYSDATE, -2 ) );
INSERT INTO MAINTENANCE VALUES( 'PKR768', '10345', 200, ADD_MONTHS( SYSDATE, -28 ) );
INSERT INTO MAINTENANCE VALUES( 'PKR768', '07773', 200, ADD_MONTHS( SYSDATE, -24 ) );
INSERT INTO MAINTENANCE VALUES( 'PKR768', '10345', 600, ADD_MONTHS( SYSDATE, -20 ) );
INSERT INTO MAINTENANCE VALUES( 'PKR768', '22205', 200, ADD_MONTHS( SYSDATE, -16 ) );
INSERT INTO MAINTENANCE VALUES( 'PKR768', '10345', 200, ADD_MONTHS( SYSDATE, -12 ) );
INSERT INTO MAINTENANCE VALUES( 'PKR768', '07773', 460, ADD_MONTHS( SYSDATE, -8 ) );
INSERT INTO MAINTENANCE VALUES( 'PKR768', '10345', 600, ADD_MONTHS( SYSDATE, -4 ) );
INSERT INTO MAINTENANCE VALUES( 'PKR768', '22205', 500, ADD_MONTHS( SYSDATE, 0 ) );
INSERT INTO MAINTENANCE VALUES( 'PKR008', '10452', 300, ADD_MONTHS( SYSDATE, -7 ) );
INSERT INTO MAINTENANCE VALUES( 'PKR008', '10452', 500, ADD_MONTHS( SYSDATE, -3 ) );
INSERT INTO MAINTENANCE VALUES( 'KKK007', '23302', 300, ADD_MONTHS( SYSDATE, -15 ) );
INSERT INTO MAINTENANCE VALUES( 'KKK007', '22205', 250, ADD_MONTHS( SYSDATE, -11 ) );
INSERT INTO MAINTENANCE VALUES( 'KKK007', '23302', 500, ADD_MONTHS( SYSDATE, -7 ) );
INSERT INTO MAINTENANCE VALUES( 'KKK007', '22205', 400, ADD_MONTHS( SYSDATE, -3 ) );
INSERT INTO MAINTENANCE VALUES( 'SST005', '10005', 300, ADD_MONTHS( SYSDATE, -12 ) );
INSERT INTO MAINTENANCE VALUES( 'SST005', '10345', 250, ADD_MONTHS( SYSDATE, -8 ) );
INSERT INTO MAINTENANCE VALUES( 'SST005', '10005', 300, ADD_MONTHS( SYSDATE, -4 ) );
INSERT INTO MAINTENANCE VALUES( 'SST005', '10345', 850, ADD_MONTHS( SYSDATE, 0 ) );


-- Show the created relational tables and the total number of
-- records for each table
SET HEADING OFF
SELECT 'Number of rows in each table: ' || chr(10) ||
'EMPLOYEE: ' || (SELECT COUNT(*) FROM EMPLOYEE) || chr(10) ||
'MECHANIC: ' || (SELECT COUNT(*) FROM MECHANIC) || chr(10) ||
'DRIVER: ' || (SELECT COUNT(*) FROM DRIVER) || chr(10) ||
'TRUCK: ' || (SELECT COUNT(*) FROM TRUCK) || chr(10) ||
'TRIP: ' || (SELECT COUNT(*) FROM TRIP) || chr(10) ||
'TRIPLEG: ' || (SELECT COUNT(*) FROM TRIPLEG) || chr(10) ||
'MAINTENANCE: ' || (SELECT COUNT(*) FROM MAINTENANCE)
FROM DUAL;
SET HEADING ON
--
-- End of script
